pattern_name	sequence_name	start	stop	score	p-value	E-value	q-value	matched_sequence
cluster-24	bp2_int_771	1	994	470.52	0.11781	4.4767	0.29973	AGTTCAGCTCAGCTCAGCTCAGCCCAGCTCAGCCCAGCCCTGGTTAGCTCAGCCCAGCTAAGCTCAGCTCGGCTCAGCTCTGCTGAGCTCGGCCCAGCTTGGCTCAGCCCGACACAGCCTGCTCAGCCCAGTTCAGCTCGGCTCAGCCCAGCCCAGCCCAGCGTAGCTCAGCTCAGCTGAGCCCAGCCCAGGTTAGCTCAGCCCCAGCCCAGGTTAGCTCAGCCCAGCTCAGCTCTGCCCAGGTTAGCTCAGCCCCAGTCCAGGTTAGCTCAGCCCAGCTCAGCTCTGCCCAGGTTAGCTCAGCCCCAGTCCAGGTTAGCTCAGCCCAGCTCAGCCTTGCCCAGGTTAGCTCAGCCCAGCTAAGCTCAACTTGGCTCAGCTCAGCCTAGCTTGGCTCAGCCCAGCACAGCACGCTCAACCCGGTTCAGCTTGGCTCAGCCCAGCCCAGCCCAGCCTAGCTCAGCTCAGCCCCGCTCAGCCCAGCCTAGCTCAGCTCAGCCCCGCTCAGCCCCGCTCAGCCCAGCCCAGCCCAGCCTAGCTCAGCCCAGCTCAGCCCAGCCTAGCCCAGCTCAGCCCAGCCCAGCTCAGCGCAGCCCAGCCCAGCTCAGCGCAGCCCAGCTCAGCTCAGCTCAGCCTAGCCTTGCTCGGCCCAGCTCAGCTCAGCCCAGCTCAGCCTAGCCTTGCTCAGCCCAGCTCAGCCCAGCTCAGCCCAGCTCAGCCCAGCCCAGCCTAGCTCAGCTCAGCCCCGCTCAGACCCGCTCAGCCCAGCCCAGCCCAGCCCAGCTCAGCCCAGCCCAGCTCAGCTCAGCCCAGCCCTGCCCAGCTCAGCCCAGCTTAGTGCAGCCAAGCCCAGCTCAGCTCAGCTCACCTGGTGCAACTTAGCCCAGCTCAGCTCAGCTCAGCTCAACCCAGTTCAACTCAGCCCAGTTCAGCTCAGCTCAGCCCAGTTCAGCCTTGTTTAGTCTAGGTCAGCTTAGGTCAGTTTTGCCCATCT
cluster-26	bp2_int_864	20	998	470.171	0.12359	4.6965	0.29973	AGCCCAGTTCAGCTCAGCTCAGCTCAGCCCAGCTCAGCCCAGCCCTGGTTAGCTCAGCCCAGCTAAGCTCAGCTCGGCTCAGCTCTGCTGAGCTCGGCCCAGCTTGGCTCAGCCCGACACAGCCTGCTCAGCCCAGTTCAGCTCGGCTCAGCCCAGCCCAGCCCAGCGTAGCTCAGCTCAGCTGAGCCCAGCCCAGGTTAGCTCAGCCCCAGCCCAGGTTAGCTCAGCCCAGCTCAGCTCTGCCCAGGTTAGCTCAGCCCCAGTCCAGGTTAGCTCAGCCCAGCTCAGCTCTGCCCAGGTTAGCTCAGCCCCAGTCCAGGTTAGCTCAGCCCAGCTCAGCCTTGCCCAGGTTAGCTCAGCCCAGCTAAGCTCAACTTGGCTCAGCTCAGCCTAGCTTGGCTCAGCCCAGCACAGCACGCTCAACCCGGTTCAGCTTGGCTCAGCCCAGCCCAGCCCAGCCTAGCTCAGCTCAGCCCCGCTCAGCCCAGCCTAGCTCAGCTCAGCCCCGCTCAGCCCCGCTCAGCCCAGCCCAGCCCAGCCTAGCTCAGCCCAGCTCAGCCCAGCCTAGCCCAGCTCAGCCCAGCCCAGCTCAGCGCAGCCCAGCCCAGCTCAGCGCAGCCCAGCTCAGCTCAGCTCAGCCTAGCCTTGCTCGGCCCAGCTCAGCTCAGCCCAGCTCAGCCTAGCCTTGCTCAGCCCAGCTCAGCCCAGCTCAGCCCAGCTCAGCCCAGCCCAGCCTAGCTCAGCTCAGCCCCGCTCAGACCCGCTCAGCCCAGCCCAGCCCAGCCCAGCTCAGCCCAGCCCAGCTCAGCTCAGCCCAGCCCTGCCCAGCTCAGCCCAGCTTAGTGCAGCCAAGCCCAGCTCAGCTCAGCTCACCTGGTGCAACTTAGCCCAGCTCAGCTCAGCTCAGCTCAACCCAGTTCAACTCAGCCCAGTTCAGCTCAGCTCAGCCCAGTTCAGCCTTGTTTAGTCTAGGTCAGCT
cluster-5	bp1_ext_5227	4	942	442.748	0.12793	4.8614	0.29973	AGCTAAGCTCAGCTCGGCTCAGCTCTGCTGAGCTCGGCCCAGCTTGGCTCAGCCCGACACAGCCTGCTCAGCCCAGTTCAGCTCGGCTCAGCCCAGCCCAGCCCAGCGTAGCTCAGCTCAGCTGAGCCCAGCCCAGGTTAGCTCAGCCCCAGCCCAGGTTAGCTCAGCCCAGCTCAGCTCTGCCCAGGTTAGCTCAGCCCCAGTCCAGGTTAGCTCAGCCCAGCTCAGCTCTGCCCAGGTTAGCTCAGCCCCAGTCCAGGTTAGCTCAGCCCAGCTCAGCCTTGCCCAGGTTAGCTCAGCCCAGCTAAGCTCAACTTGGCTCAGCTCAGCCTAGCTTGGCTCAGCCCAGCACAGCACGCTCAACCCGGTTCAGCTTGGCTCAGCCCAGCCCAGCCCAGCCTAGCTCAGCTCAGCCCCGCTCAGCCCAGCCTAGCTCAGCTCAGCCCCGCTCAGCCCCGCTCAGCCCAGCCCAGCCCAGCCTAGCTCAGCCCAGCTCAGCCCAGCCTAGCCCAGCTCAGCCCAGCCCAGCTCAGCGCAGCCCAGCCCAGCTCAGCGCAGCCCAGCTCAGCTCAGCTCAGCCTAGCCTTGCTCGGCCCAGCTCAGCTCAGCCCAGCTCAGCCTAGCCTTGCTCAGCCCAGCTCAGCCCAGCTCAGCCCAGCTCAGCCCAGCCCAGCCTAGCTCAGCTCAGCCCCGCTCAGACCCGCTCAGCCCAGCCCAGCCCAGCCCAGCTCAGCCCAGCCCAGCTCAGCTCAGCCCAGCCCTGCCCAGCTCAGCCCAGCTTAGTGCAGCCAAGCCCAGCTCAGCTCAGCTCACCTGGTGCAACTTAGCCCAGCTCAGCTCAGCTCAGCTCAACCCAGTTCAACTCAGCCCAGTTCAGCTCAGCTCAGCCCAGTTCAGCCTTGTTTAGTCTAGGTCAGCTTAGGTCAGTTTTGCCCATCT
cluster-31	bp2_int_1597	5	938	438.798	0.12928	4.9126	0.29973	AGCTCAGCTCGGCTCAGCTCTGCTGAGCTCGGCCCAGCTTGGCTCAGCCCGACACAGCCTGCTCAGCCCAGTTCAGCTCGGCTCAGCCCAGCCCAGCCCAGCGTAGCTCAGCTCAGCTGAGCCCAGCCCAGGTTAGCTCAGCCCCAGCCCAGGTTAGCTCAGCCCAGCTCAGCTCTGCCCAGGTTAGCTCAGCCCCAGTCCAGGTTAGCTCAGCCCAGCTCAGCTCTGCCCAGGTTAGCTCAGCCCCAGTCCAGGTTAGCTCAGCCCAGCTCAGCCTTGCCCAGGTTAGCTCAGCCCAGCTAAGCTCAACTTGGCTCAGCTCAGCCTAGCTTGGCTCAGCCCAGCACAGCACGCTCAACCCGGTTCAGCTTGGCTCAGCCCAGCCCAGCCCAGCCTAGCTCAGCTCAGCCCCGCTCAGCCCAGCCTAGCTCAGCTCAGCCCCGCTCAGCCCCGCTCAGCCCAGCCCAGCCCAGCCTAGCTCAGCCCAGCTCAGCCCAGCCTAGCCCAGCTCAGCCCAGCCCAGCTCAGCGCAGCCCAGCCCAGCTCAGCGCAGCCCAGCTCAGCTCAGCTCAGCCTAGCCTTGCTCGGCCCAGCTCAGCTCAGCCCAGCTCAGCCTAGCCTTGCTCAGCCCAGCTCAGCCCAGCTCAGCCCAGCTCAGCCCAGCCCAGCCTAGCTCAGCTCAGCCCCGCTCAGACCCGCTCAGCCCAGCCCAGCCCAGCCCAGCTCAGCCCAGCCCAGCTCAGCTCAGCCCAGCCCTGCCCAGCTCAGCCCAGCTTAGTGCAGCCAAGCCCAGCTCAGCTCAGCTCACCTGGTGCAACTTAGCCCAGCTCAGCTCAGCTCAGCTCAACCCAGTTCAACTCAGCCCAGTTCAGCTCAGCTCAGCCCAGTTCAGCCTTGTTTAGTCTAGGTCAGCTTAGGTCAGTTTTGCCCATCT
cluster-17	bp1_int_668	2	1000	474.774	0.13715	5.2117	0.29973	AGCTCTGCTCAGCTCGGCCCAGCCCAGGTTAGCCCAGCCCAGCCTCGGCTTAGCTCTGCTCAGCTCGGCCCTGCTCGCCTCAGCCCGTTCAGCCCAGTTCAGCTCAGCTCAGCTCAGCCCAGCTCAGCCCAGCCCTGGTTAGCTCAGCCCAGCTAAGCTCAGCTCGGCTCAGCTCTGCTGAGCTCGGCCCAGCTTGGCTCAGCCCGACACAGCCTGCTCAGCCCAGTTCAGCTCGGCTCAGCCCAGCCCAGCCCAGCGTAGCTCAGCTCAGCTGAGCCCAGCCCAGGTTAGCTCAGCCCCAGCCCAGGTTAGCTCAGCCCAGCTCAGCTCTGCCCAGGTTAGCTCAGCCCCAGTCCAGGTTAGCTCAGCCCAGCTCAGCTCTGCCCAGGTTAGCTCAGCCCCAGTCCAGGTTAGCTCAGCCCAGCTCAGCCTTGCCCAGGTTAGCTCAGCCCAGCTAAGCTCAACTTGGCTCAGCTCAGCCTAGCTTGGCTCAGCCCAGCACAGCACGCTCAACCCGGTTCAGCTTGGCTCAGCCCAGCCCAGCCCAGCCTAGCTCAGCTCAGCCCCGCTCAGCCCAGCCTAGCTCAGCTCAGCCCCGCTCAGCCCCGCTCAGCCCAGCCCAGCCCAGCCTAGCTCAGCCCAGCTCAGCCCAGCCTAGCCCAGCTCAGCCCAGCCCAGCTCAGCGCAGCCCAGCCCAGCTCAGCGCAGCCCAGCTCAGCTCAGCTCAGCCTAGCCTTGCTCGGCCCAGCTCAGCTCAGCCCAGCTCAGCCTAGCCTTGCTCAGCCCAGCTCAGCCCAGCTCAGCCCAGCTCAGCCCAGCCCAGCCTAGCTCAGCTCAGCCCCGCTCAGACCCGCTCAGCCCAGCCCAGCCCAGCCCAGCTCAGCCCAGCCCAGCTCAGCTCAGCCCAGCCCTGCCCAGCTCAGCCCAGCTTAGTGCAGCCAAGCCCAGCTCAGCTCAGCTCACCTGGTGCAACTTAGCCCAGCTCAGCTCAGCTCAGCT
cluster-38	bp2_int_4816	8	882	413.645	0.13919	5.2893	0.29973	TGCTCAGCCCAGTTCAGCTCGGCTCAGCCCAGCCCAGCCCAGCGTAGCTCAGCTCAGCTGAGCCCAGCCCAGGTTAGCTCAGCCCCAGCCCAGGTTAGCTCAGCCCAGCTCAGCTCTGCCCAGGTTAGCTCAGCCCCAGTCCAGGTTAGCTCAGCCCAGCTCAGCTCTGCCCAGGTTAGCTCAGCCCCAGTCCAGGTTAGCTCAGCCCAGCTCAGCCTTGCCCAGGTTAGCTCAGCCCAGCTAAGCTCAACTTGGCTCAGCTCAGCCTAGCTTGGCTCAGCCCAGCACAGCACGCTCAACCCGGTTCAGCTTGGCTCAGCCCAGCCCAGCCCAGCCTAGCTCAGCTCAGCCCCGCTCAGCCCAGCCTAGCTCAGCTCAGCCCCGCTCAGCCCCGCTCAGCCCAGCCCAGCCCAGCCTAGCTCAGCCCAGCTCAGCCCAGCCTAGCCCAGCTCAGCCCAGCCCAGCTCAGCGCAGCCCAGCCCAGCTCAGCGCAGCCCAGCTCAGCTCAGCTCAGCCTAGCCTTGCTCGGCCCAGCTCAGCTCAGCCCAGCTCAGCCTAGCCTTGCTCAGCCCAGCTCAGCCCAGCTCAGCCCAGCTCAGCCCAGCCCAGCCTAGCTCAGCTCAGCCCCGCTCAGACCCGCTCAGCCCAGCCCAGCCCAGCCCAGCTCAGCCCAGCCCAGCTCAGCTCAGCCCAGCCCTGCCCAGCTCAGCCCAGCTTAGTGCAGCCAAGCCCAGCTCAGCTCAGCTCACCTGGTGCAACTTAGCCCAGCTCAGCTCAGCTCAGCTCAACCCAGTTCAACTCAGCCCAGTTCAGCTCAGCTCAGCCCAGTTCAGCCTTGTTTAGTCTAGGTCAGCTTAGGTCAGTTTTGCCCATCT
cluster-30	bp2_int_1491	5	859	404.715	0.13995	5.3181	0.29973	GGCTCAGCCCAGCCCAGCCCAGCGTAGCTCAGCTCAGCTGAGCCCAGCCCAGGTTAGCTCAGCCCCAGCCCAGGTTAGCTCAGCCCAGCTCAGCTCTGCCCAGGTTAGCTCAGCCCCAGTCCAGGTTAGCTCAGCCCAGCTCAGCTCTGCCCAGGTTAGCTCAGCCCCAGTCCAGGTTAGCTCAGCCCAGCTCAGCCTTGCCCAGGTTAGCTCAGCCCAGCTAAGCTCAACTTGGCTCAGCTCAGCCTAGCTTGGCTCAGCCCAGCACAGCACGCTCAACCCGGTTCAGCTTGGCTCAGCCCAGCCCAGCCCAGCCTAGCTCAGCTCAGCCCCGCTCAGCCCAGCCTAGCTCAGCTCAGCCCCGCTCAGCCCCGCTCAGCCCAGCCCAGCCCAGCCTAGCTCAGCCCAGCTCAGCCCAGCCTAGCCCAGCTCAGCCCAGCCCAGCTCAGCGCAGCCCAGCCCAGCTCAGCGCAGCCCAGCTCAGCTCAGCTCAGCCTAGCCTTGCTCGGCCCAGCTCAGCTCAGCCCAGCTCAGCCTAGCCTTGCTCAGCCCAGCTCAGCCCAGCTCAGCCCAGCTCAGCCCAGCCCAGCCTAGCTCAGCTCAGCCCCGCTCAGACCCGCTCAGCCCAGCCCAGCCCAGCCCAGCTCAGCCCAGCCCAGCTCAGCTCAGCCCAGCCCTGCCCAGCTCAGCCCAGCTTAGTGCAGCCAAGCCCAGCTCAGCTCAGCTCACCTGGTGCAACTTAGCCCAGCTCAGCTCAGCTCAGCTCAACCCAGTTCAACTCAGCCCAGTTCAGCTCAGCTCAGCCCAGTTCAGCCTTGTTTAGTCTAGGTCAGCTTAGGTCAGTTTTGCCCATCT
cluster-18	bp1_int_1317	2	996	435.044	0.14123	5.3667	0.29973	GGCTCAACTCAGCCCAGCCCAGCCCAGCTCTGCTCAACCCAGCTCTGCTCAACTCAGCCCAGCTCAGCCCAGCTCAGCCCAGTTCAGCTCAGCCCTGCTCAGCACAGCACAGCAGAGCCCAGCTCAGCCCAGCTCAGCTCAGTTCAGCTCAGCCCTGTTCAGCACAGCACAGCAGAGCCCAGCCCAGCCCAGCCCAGCTCATCCCAGCTCAGCCCAGCCCAGCCTAGCTTAGCTCAACCCAGCTCAGCTCAGTTCAGCTCAGCCCTGCTCAGCACAGCACAGCAGAGCCCAGCTCAGCCCAGCTCAGCTCAGTTCAGCTCAGCCCTGTTCAGCACAGCACAGCAGAGCCCAGCCCAGCCCAGCTCAACCTAGCCTGGCTCAGCCCAGCCCAGCCCAGCCCGGATCGGCTCAACCCAGCTTAGCTCAGCCCAGGTCAGCCCAGCTTAACTCAGCCCAGGTCAGCCCAGCTTAACTCAGCCCAGCCCAGCCCAGCTCAGCCCCCAGCTCTGCTCAACCCAGCCCAGCTCAGCTCAGCTCCGCTCAGCCCAGTTCAGCCCAGCTCAGCCCAGCCCAGCCTAGCTTGGCTCAACACAGCTCAGCTCAGCCAGCCCAGACCAGCTCAGCTCAGCCCAGTCCAGCTCAGCTCAGCCCAACCCAGTCCGGCTCAGCCCAGCCCAACCCAGCCCAGCCCAACCCAGCTCGGCTTAACCCAGCTCGGCTCAGCCCAGATCAGCCTGGCTCAACTCAGCCCAGCCCAGCTCAACCCAGCCCAGTTCAGCCCAGCTCATCCAAGCTCAGCTCAGCCCAGCCCAGTTCAGCCCAGCCCAGTTCAGCTCAGCTCAGCCCAGCCCAGTTCAGCCCAGCCCAGTTCAGCTCAGCTCAGCTGAGCCCAGCCCAGCCCAGTCCGGCTCAGCTCAGCCCCGCCCCACTCAGCCCAGCTCAGCTCAGCCCAGCTCAGCCCAGCTCAGCTTAGCCCAGCTCAGTTCAGCCAGGCA
cluster-29	bp2_int_1317	2	997	469.08	0.15087	5.7331	0.29973	AGCCCAGCCCTGCCCAACCCAGCTCAGCTCAGCCCAGCCCAGGTTAGCCCAGCCCAGCCTCGGCTTAGCTCTGCTCAGCTCGGCCCAGCCCAGGTTAGCCCAGCCCAGCCTCGGCTTAGCTCTGCTCAGCTCGGCCCTGCTCGCCTCAGCCCGTTCAGCCCAGTTCAGCTCAGCTCAGCTCAGCCCAGCTCAGCCCAGCCCTGGTTAGCTCAGCCCAGCTAAGCTCAGCTCGGCTCAGCTCTGCTGAGCTCGGCCCAGCTTGGCTCAGCCCGACACAGCCTGCTCAGCCCAGTTCAGCTCGGCTCAGCCCAGCCCAGCCCAGCGTAGCTCAGCTCAGCTGAGCCCAGCCCAGGTTAGCTCAGCCCCAGCCCAGGTTAGCTCAGCCCAGCTCAGCTCTGCCCAGGTTAGCTCAGCCCCAGTCCAGGTTAGCTCAGCCCAGCTCAGCTCTGCCCAGGTTAGCTCAGCCCCAGTCCAGGTTAGCTCAGCCCAGCTCAGCCTTGCCCAGGTTAGCTCAGCCCAGCTAAGCTCAACTTGGCTCAGCTCAGCCTAGCTTGGCTCAGCCCAGCACAGCACGCTCAACCCGGTTCAGCTTGGCTCAGCCCAGCCCAGCCCAGCCTAGCTCAGCTCAGCCCCGCTCAGCCCAGCCTAGCTCAGCTCAGCCCCGCTCAGCCCCGCTCAGCCCAGCCCAGCCCAGCCTAGCTCAGCCCAGCTCAGCCCAGCCTAGCCCAGCTCAGCCCAGCCCAGCTCAGCGCAGCCCAGCCCAGCTCAGCGCAGCCCAGCTCAGCTCAGCTCAGCCTAGCCTTGCTCGGCCCAGCTCAGCTCAGCCCAGCTCAGCCTAGCCTTGCTCAGCCCAGCTCAGCCCAGCTCAGCCCAGCTCAGCCCAGCCCAGCCTAGCTCAGCTCAGCCCCGCTCAGACCCGCTCAGCCCAGCCCAGCCCAGCCCAGCTCAGCCCAGCCCAGCTCAGCTCAGCCCAGCCCTGCCCAGCTCAGCCCAGCT
cluster-1	bp1_ext_646	2	994	409.402	0.15091	5.7347	0.29973	AGTTCAGCTCAGCTCAGCCCAGCCCAGTTCAGCCCAGCCCAGTTCAGCTCAGCTCAGCTGAGCCCAGCCCAGCCCAGTCCGGCTCAGCTCAGCCCCGCCCCACTCAGCCCAGCTCAGCTCAGCCCAGCTCAGCCCAGCTCAGCTTAGCCCAGCTCAGTTCAGCCAGGCACAATCTGGCTCAGCCCAGCCCAGCCCAGCTCAGCCCAGCCCAGCCTAGCTCAGCACAGCCCAGTTCAGCTCAGCTCAGCTTAACTCAGCTCAGCTCAGCTCAGCCCAGCCCAGCCCAGGTCAGCTCAGCCCAGCCCAGCCCAGCCCAGATCATCCCAGCTCAGCTCAGCTCAGCTCGGCTTAGCCCAGCTCAACCTGGCCCAGCCTGGTCCAGGTCAGCCCAGCCTGGACCACCCAGCCCAGCTCAGCTCAGCCCAGCTCATCCTGGTTCAGCTCAGCTCAACCCGGCTCAGCCCAGGTCTGCTCAACCCAGCCCAAATCAGCTCAGCCCAGCCCAGGTCATCCCAGCTCAGCCCAGCACAGCCTACTTCAGCTCAGCTCAGCTCAGCCTAGGTCAGCTCAGTTGAGGTCAGCTCAACTCAGCCCAATCCAGCCTGGCTCAGCCCAGCTCACCCTAGCTCAGCTTAGCTCAGCCCAACTCAACCCAGCCCAGCCTTGCCCAACCCAGCTCAGCTCAGCCCAGCCCAGGTTAGCCCAGCCCAGCCTCGGCTTAGCTCTGCTCAGCTCGGCCCTGCTCGCCTCAGCCCGTTCAGCCCAGTTCAGCTCAGCTCAGCTCAGCCCAGCTCAGCCCAGCCCTGGTTAGCTCAGCCCAGCTAAGCTCAGCTCGGCTTGGCTCTGCTGAGCTTGGCCCAGCTTGGCTTAGCCTGATACAACCTGCTCAGCCCAGTTCAGCTCGGCTCAGCCCAGCCCAGCCCAGCGTAGCTCAGCTCAGCTGAGCCCAGCCCAGGTTAGCTCAGCCCCAGTCCAGGTCAGCTCAACTCAGCC
cluster-25	bp2_int_772	62	999	384.087	0.15298	5.8133	0.29973	AGCTCAGCAAAGCCAAGCTCAGCTCAGCCCAACTCAGATGAGCTCAGACCAGCTCAGCCCAGCCTAGCTGAGCTCAGACCACCTAAGACCATCTCAGCTCAGCCCAGCCCAGCTAAGCCCAGTATAGCCCAGCCCAGCTAAGCCCAGTTTAGCCCAGCCCAGCTAAGCCCAGTATAGCCCAGCCCAGCTAAGCCCAGTTTAGCCCAGCCCAGCTAAGCCCAGTATAGCCCAGCCCAGCTAAGCATAGTTCAGCACAGCCCAGCTCAGCTCAGCACAGTTCAACCCAGCTCAGCCCAGCTCAGTGCAGCACAGCCCAGCTCAGCCCAGCCCAGCTCAGCTCAGCCCAACCCAGCCCAGCTCGCTCAACCTTGCTCGGCTCAGCTTAGCCCAGCCCAGCCCAGCTCAATCCAGCCTGGCTCAGCCCAGCCCAGCCCAGTTTGGCTCAACCCAGCTTGGCTCAGCCCAGGTCAGCCTGGCTCAACTCAGCCCAGCCCAGCCCAGCTCTGCTCAACCCAGCTCTGCTCAACTCAGCCCAGCTCAGCCCAGCTCAGCCCAGTTCAGCTCAGCCCTGCTCAGCACAGCACAGCAGAGCCCAGCTCAGCCCAGCTCAGCTCAGTTCAGCTCAGCCCTGTTCAGCACAGCACAGCAGAGCCCAGCCCAGCCCAGCCCAGCTCATCCCAGCTCAGCCCAGCCCAGCCTAGCTTAGCTCAACCCAGCTCAGCTCAGTTCAGCTCAGCCCTGCTCAGCACAGCACAGCAGAGCCCAGCTCAGCCCAGCTCAGCTCAGTTCAGCTCAGCCCTGTTCAGCACAGCACAGCAGAGCCCAGCCCAGCCCAGCTCAACCTAGCCTGGCTCAGCCCAGCCCAGCCCAGCCCGGATCGGCTCAACCCAGCTTAGCTCAGCCCAGGTCAGCCCAGCTTAACTCAGCCCAGGTCAGCC
cluster-23	bp2_int_394	3	710	332.366	0.15317	5.8204	0.29973	TGCCCAGGTTAGCTCAGCCCCAGTCCAGGTTAGCTCAGCCCAGCTCAGCCTTGCCCAGGTTAGCTCAGCCCAGCTAAGCTCAACTTGGCTCAGCTCAGCCTAGCTTGGCTCAGCCCAGCACAGCACGCTCAACCCGGTTCAGCTTGGCTCAGCCCAGCCCAGCCCAGCCTAGCTCAGCTCAGCCCCGCTCAGCCCAGCCTAGCTCAGCTCAGCCCCGCTCAGCCCCGCTCAGCCCAGCCCAGCCCAGCCTAGCTCAGCCCAGCTCAGCCCAGCCTAGCCCAGCTCAGCCCAGCCCAGCTCAGCGCAGCCCAGCCCAGCTCAGCGCAGCCCAGCTCAGCTCAGCTCAGCCTAGCCTTGCTCGGCCCAGCTCAGCTCAGCCCAGCTCAGCCTAGCCTTGCTCAGCCCAGCTCAGCCCAGCTCAGCCCAGCTCAGCCCAGCCCAGCCTAGCTCAGCTCAGCCCCGCTCAGACCCGCTCAGCCCAGCCCAGCCCAGCCCAGCTCAGCCCAGCCCAGCTCAGCTCAGCCCAGCCCTGCCCAGCTCAGCCCAGCTTAGTGCAGCCAAGCCCAGCTCAGCTCAGCTCACCTGGTGCAACTTAGCCCAGCTCAGCTCAGCTCAGCTCAACCCAGTTCAACTCAGCCCAGTTCAGCTCAGCTCAGCCCAGTTCAGCCTTGTTTAGTCTAGGTCAGCTTAGGTCAGTTTTGCCCATCT
cluster-9	bp2_ext_1063	2	780	367.992	0.15379	5.8439	0.29973	AGCTCAGCCCAGCTCAGCTCTGCCCAGGTTAGCTCAGCCCCAGTCCAGGTTAGCTCAGCCCAGCTCAGCTCTGCCCAGGTTAGCTCAGCCCCAGTCCAGGTTAGCTCAGCCCAGCTCAGCCTTGCCCAGGTTAGCTCAGCCCAGCTAAGCTCAACTTGGCTCAGCTCAGCCTAGCTTGGCTCAGCCCAGCACAGCACGCTCAACCCGGTTCAGCTTGGCTCAGCCCAGCCCAGCCCAGCCTAGCTCAGCTCAGCCCCGCTCAGCCCAGCCTAGCTCAGCTCAGCCCCGCTCAGCCCCGCTCAGCCCAGCCCAGCCCAGCCTAGCTCAGCCCAGCTCAGCCCAGCCTAGCCCAGCTCAGCCCAGCCCAGCTCAGCGCAGCCCAGCCCAGCTCAGCGCAGCCCAGCTCAGCTCAGCTCAGCCTAGCCTTGCTCGGCCCAGCTCAGCTCAGCCCAGCTCAGCCTAGCCTTGCTCAGCCCAGCTCAGCCCAGCTCAGCCCAGCTCAGCCCAGCCCAGCCTAGCTCAGCTCAGCCCCGCTCAGACCCGCTCAGCCCAGCCCAGCCCAGCCCAGCTCAGCCCAGCCCAGCTCAGCTCAGCCCAGCCCTGCCCAGCTCAGCCCAGCTTAGTGCAGCCAAGCCCAGCTCAGCTCAGCTCACCTGGTGCAACTTAGCCCAGCTCAGCTCAGCTCAGCTCAACCCAGTTCAACTCAGCCCAGTTCAGCTCAGCTCAGCCCAGTTCAGCCTTGTTTAGTCTAGGTCAGCTTAGGTCAGTTTTGCCCATCT
cluster-16	bp1_int_646	1	996	459.743	0.15495	5.8879	0.29973	AGCCTGGCTCGGCCCAGCTCACCCTAGTTCAGCTTAGCTCAGCCCAGCCCAGCCCTGCCCAACCCAGCTCAGCTCAGCCCAGCCCAGGTTAGCCCAGCCCAGCCTCGGCTTAGCTCTGCTCAGCTCGGCCCAGCCCAGGTTAGCCCAGCCCAGCCTCGGCTTAGCTCTGCTCAGCTCGGCCCTGCTCGCCTCAGCCCGTTCAGCCCAGTTCAGCTCAGCTCAGCTCAGCCCAGCTCAGCCCAGCCCTGGTTAGCTCAGCCCAGCTAAGCTCAGCTCGGCTCAGCTCTGCTGAGCTCGGCCCAGCTTGGCTCAGCCCGACACAGCCTGCTCAGCCCAGTTCAGCTCGGCTCAGCCCAGCCCAGCCCAGCGTAGCTCAGCTCAGCTGAGCCCAGCCCAGGTTAGCTCAGCCCCAGCCCAGGTTAGCTCAGCCCAGCTCAGCTCTGCCCAGGTTAGCTCAGCCCCAGTCCAGGTTAGCTCAGCCCAGCTCAGCTCTGCCCAGGTTAGCTCAGCCCCAGTCCAGGTTAGCTCAGCCCAGCTCAGCCTTGCCCAGGTTAGCTCAGCCCAGCTAAGCTCAACTTGGCTCAGCTCAGCCTAGCTTGGCTCAGCCCAGCACAGCACGCTCAACCCGGTTCAGCTTGGCTCAGCCCAGCCCAGCCCAGCCTAGCTCAGCTCAGCCCCGCTCAGCCCAGCCTAGCTCAGCTCAGCCCCGCTCAGCCCCGCTCAGCCCAGCCCAGCCCAGCCTAGCTCAGCCCAGCTCAGCCCAGCCTAGCCCAGCTCAGCCCAGCCCAGCTCAGCGCAGCCCAGCCCAGCTCAGCGCAGCCCAGCTCAGCTCAGCTCAGCCTAGCCTTGCTCGGCCCAGCTCAGCTCAGCCCAGCTCAGCCTAGCCTTGCTCAGCCCAGCTCAGCCCAGCTCAGCCCAGCTCAGCCCAGCCCAGCCTAGCTCAGCTCAGCCCCGCTCAGACCCGCTCAGCCCAGCCCAGCCCAGCCCAGCTCAGCC
cluster-7	bp2_ext_772	1	999	413.72	0.15538	5.9045	0.29973	AGCTTAACTCAGCCCAGCCCAGCCCAGCTCAGCCCCCAGCTCTGCTCAACCCAGCCCAGCTCAGCTCAGCTCCGCTCAGCCCAGTTCAGCCCAGCTCAGCCCAGCCCAGCCTAGCTTGGCTCAACACAGCTCAGCTCAGCCAGCCCAGACCAGCTCAGCTCAGCCCAGTCCAGCTCAGCTCAGCCCAACCCAGTCCGGCTCAGCCCAGCCCAACCCAGCCCAGCCCAACCCAGCTCGGCTTAACCCAGCTCGGCTCAGCCCAGATCAGCCTGGCTCAACTCAGCCCAGCCCAGCTCAACCCAGCCCAGTTCAGCCCAGCTCATCCAAGCTCAGCTCAGCCCAGCCCAGTTCAGCCCAGCCCAGTTCAGCTCAGCTCAGCCCAGCCCAGTTCAGCCCAGCCCAGTTCAGCTCAGCTCAGCTGAGCCCAGCCCAGCCCAGTCCGGCTCAGCTCAGCCCCGCCCCACTCAGCCCAGCTCAGCTCAGCCCAGCTCAGCCCAGCTCAGCTTAGCCCAGCTCAGTTCAGCCAGGCACAATCTGGCTCAGCCCAGCCCAGCCCAGCTCAGCCCAGCCCAGCCTAGCTCAGCACAGCCCAGTTCAGCTCAGCTCAGCTTAACTCAGCTCAGCTCAGCTCAGCCCAGCCCAGCCCAGGTCAGCTCAGCCCAGCCCAGCCCAGCCCAGATCATCCCAGCTCAGCTCAGCTCAGCTCGGCTTAGCCCAGCTCAACCTGGCCCAGCCTGGTCCAGGTCAGCCCAGCCTGGACCACCCAGCCCAGCTCAGCTCAGCCCAGCTCATCCTGGTTCAGCTCAGCTCAACCCGGCTCAGCCCAGGTCTGCTCAACCCAGCCCAAATCAGCTCAGCCCAGCCCAGGTCATCCCAGCTCAGCCCAGCACAGCCTACTTCAGCTCAGCTCAGCTCAGCCTAGGTCAGCTCAGTTGAGGTCAGCTCAACTCAGCCCAATCCAGCCTGGCTCAGCCCAGCTCACCCTAGCTCAGCTTAGCT
cluster-27	bp2_int_1058	6	996	417.036	0.15578	5.9196	0.29973	AGCCCAGCCTTGCCCAACCCAGCTCAGCTCAGCCCAGCCCAGGTTAGCCCAGCCCAGCCTCGGCTTAGCTCTGCTCAGCTCGGCCCTGCTCGCCTCAGCCCGTTCAGCCCAGTTCAGCTCAGCTCAGCTCAGCCCAGCTCAGCCCAGCCCTGGTTAGCTCAGCCCAGCTAAGCTCAGCTCGGCTTGGCTCTGCTGAGCTTGGCCCAGCTTGGCTTAGCCTGATACAACCTGCTCAGCCCAGTTCAGCTCGGCTCAGCCCAGCCCAGCCCAGCGTAGCTCAGCTCAGCTGAGCCCAGCCCAGGTTAGCTCAGCCCCAGTCCAGGTCAGCTCAACTCAGCCCAAACCAGCCTGGCTCGGCCCAGCTCACCCTAGTTCAGCTTAGCTCAGCCCAGCCCAGCCCTGCCCAACCCAGCTCAGCTCAGCCCAGCCCAGGTTAGCCCAGCCCAGCCTCGGCTTAGCTCTGCTCAGCTCGGCCCAGCCCAGGTTAGCCCAGCCCAGCCTCGGCTTAGCTCTGCTCAGCTCGGCCCTGCTCGCCTCAGCCCGTTCAGCCCAGTTCAGCTCAGCTCAGCTCAGCCCAGCTCAGCCCAGCCCTGGTTAGCTCAGCCCAGCTAAGCTCAGCTCGGCTCAGCTCTGCTGAGCTCGGCCCAGCTTGGCTCAGCCCGACACAGCCTGCTCAGCCCAGTTCAGCTCGGCTCAGCCCAGCCCAGCCCAGCGTAGCTCAGCTCAGCTGAGCCCAGCCCAGGTTAGCTCAGCCCCAGCCCAGGTTAGCTCAGCCCAGCTCAGCTCTGCCCAGGTTAGCTCAGCCCCAGTCCAGGTTAGCTCAGCCCAGCTCAGCTCTGCCCAGGTTAGCTCAGCCCCAGTCCAGGTTAGCTCAGCCCAGCTCAGCCTTGCCCAGGTTAGCTCAGCCCAGCTAAGCTCAACTTGGCTCAGCTCAGCCTAGCTTGGCTCAGCCCAGCACAGCACGCTCAACCCGGTTCAGCTTGGCTCAGCC
cluster-2	bp1_ext_668	2	1000	402.001	0.15737	5.9802	0.29973	AGCTCAGCTCAGCCCAGCTCAGCCCAGCTCAGCTTAGCCCAGCTCAGTTCAGCCAGGCACAATCTGGCTCAGCCCAGCCCAGCCCAGCTCAGCCCAGCCCAGCCTAGCTCAGCACAGCCCAGTTCAGCTCAGCTCAGCTTAACTCAGCTCAGCTCAGCTCAGCCCAGCCCAGCCCAGGTCAGCTCAGCCCAGCCCAGCCCAGCCCAGATCATCCCAGCTCAGCTCAGCTCAGCTCGGCTTAGCCCAGCTCAACCTGGCCCAGCCTGGTCCAGGTCAGCCCAGCCTGGACCACCCAGCCCAGCTCAGCTCAGCCCAGCTCATCCTGGTTCAGCTCAGCTCAACCCGGCTCAGCCCAGGTCTGCTCAACCCAGCCCAAATCAGCTCAGCCCAGCCCAGGTCATCCCAGCTCAGCCCAGCACAGCCTACTTCAGCTCAGCTCAGCTCAGCCTAGGTCAGCTCAGTTGAGGTCAGCTCAACTCAGCCCAATCCAGCCTGGCTCAGCCCAGCTCACCCTAGCTCAGCTTAGCTCAGCCCAACTCAACCCAGCCCAGCCTTGCCCAACCCAGCTCAGCTCAGCCCAGCCCAGGTTAGCCCAGCCCAGCCTCGGCTTAGCTCTGCTCAGCTCGGCCCTGCTCGCCTCAGCCCGTTCAGCCCAGTTCAGCTCAGCTCAGCTCAGCCCAGCTCAGCCCAGCCCTGGTTAGCTCAGCCCAGCTAAGCTCAGCTCGGCTTGGCTCTGCTGAGCTTGGCCCAGCTTGGCTTAGCCTGATACAACCTGCTCAGCCCAGTTCAGCTCGGCTCAGCCCAGCCCAGCCCAGCGTAGCTCAGCTCAGCTGAGCCCAGCCCAGGTTAGCTCAGCCCCAGTCCAGGTCAGCTCAACTCAGCCCAAACCAGCCTGGCTCGGCCCAGCTCACCCTAGTTCAGCTTAGCTCAGCCCAGCCCAGCCCTGCCCAACCCAGCTCAGCTCAGCCCAGCCCAGGTTAGCCCAGCCCAGCCTCGGCT
cluster-10	bp2_ext_1893	4	777	364.041	0.15962	6.0656	0.29973	AGCCCAGCTCAGCTCTGCCCAGGTTAGCTCAGCCCCAGTCCAGGTTAGCTCAGCCCAGCTCAGCTCTGCCCAGGTTAGCTCAGCCCCAGTCCAGGTTAGCTCAGCCCAGCTCAGCCTTGCCCAGGTTAGCTCAGCCCAGCTAAGCTCAACTTGGCTCAGCTCAGCCTAGCTTGGCTCAGCCCAGCACAGCACGCTCAACCCGGTTCAGCTTGGCTCAGCCCAGCCCAGCCCAGCCTAGCTCAGCTCAGCCCCGCTCAGCCCAGCCTAGCTCAGCTCAGCCCCGCTCAGCCCCGCTCAGCCCAGCCCAGCCCAGCCTAGCTCAGCCCAGCTCAGCCCAGCCTAGCCCAGCTCAGCCCAGCCCAGCTCAGCGCAGCCCAGCCCAGCTCAGCGCAGCCCAGCTCAGCTCAGCTCAGCCTAGCCTTGCTCGGCCCAGCTCAGCTCAGCCCAGCTCAGCCTAGCCTTGCTCAGCCCAGCTCAGCCCAGCTCAGCCCAGCTCAGCCCAGCCCAGCCTAGCTCAGCTCAGCCCCGCTCAGACCCGCTCAGCCCAGCCCAGCCCAGCCCAGCTCAGCCCAGCCCAGCTCAGCTCAGCCCAGCCCTGCCCAGCTCAGCCCAGCTTAGTGCAGCCAAGCCCAGCTCAGCTCAGCTCACCTGGTGCAACTTAGCCCAGCTCAGCTCAGCTCAGCTCAACCCAGTTCAACTCAGCCCAGTTCAGCTCAGCTCAGCCCAGTTCAGCCTTGTTTAGTCTAGGTCAGCTTAGGTCAGTTTTGCCCATCT
cluster-33	bp2_int_3096	1	764	357.543	0.16249	6.1747	0.29973	AGCTCTGCCCAGGTTAGCTCAGCCCCAGTCCAGGTTAGCTCAGCCCAGCTCAGCTCTGCCCAGGTTAGCTCAGCCCCAGTCCAGGTTAGCTCAGCCCAGCTCAGCCTTGCCCAGGTTAGCTCAGCCCAGCTAAGCTCAACTTGGCTCAGCTCAGCCTAGCTTGGCTCAGCCCAGCACAGCACGCTCAACCCGGTTCAGCTTGGCTCAGCCCAGCCCAGCCCAGCCTAGCTCAGCTCAGCCCCGCTCAGCCCAGCCTAGCTCAGCTCAGCCCCGCTCAGCCCCGCTCAGCCCAGCCCAGCCCAGCCTAGCTCAGCCCAGCTCAGCCCAGCCTAGCCCAGCTCAGCCCAGCCCAGCTCAGCGCAGCCCAGCCCAGCTCAGCGCAGCCCAGCTCAGCTCAGCTCAGCCTAGCCTTGCTCGGCCCAGCTCAGCTCAGCCCAGCTCAGCCTAGCCTTGCTCAGCCCAGCTCAGCCCAGCTCAGCCCAGCTCAGCCCAGCCCAGCCTAGCTCAGCTCAGCCCCGCTCAGACCCGCTCAGCCCAGCCCAGCCCAGCCCAGCTCAGCCCAGCCCAGCTCAGCTCAGCCCAGCCCTGCCCAGCTCAGCCCAGCTTAGTGCAGCCAAGCCCAGCTCAGCTCAGCTCACCTGGTGCAACTTAGCCCAGCTCAGCTCAGCTCAGCTCAACCCAGTTCAACTCAGCCCAGTTCAGCTCAGCTCAGCCCAGTTCAGCCTTGTTTAGTCTAGGTCAGCTTAGGTCAGTTTTGCCCATCT
cluster-28	bp2_int_1063	1	1000	394.045	0.17146	6.5154	0.29973	AGCCCAGCTCATCCTGGTTCAGCTCAGCTCAACCCGGCTCAGCCCAGGTCTGCTCAACCCAGCCCAAATCAGCTCAGCCCAGCCCAGGTCATCCCAGCTCAGCCCAGCACAGCCTACTTCAGCTCAGCTCAGCTCAGCCTAGGTCAGCTCAGTTGAGGTCAGCTCAACTCAGCCCAATCCAGCCTGGCTCAGCCCAGCTCACCCTAGCTCAGCTTAGCTCAGCCCAACTCAACCCAGCCCAGCCTTGCCCAACCCAGCTCAGCTCAGCCCAGCCCAGGTTAGCCCAGCCCAGCCTCGGCTTAGCTCTGCTCAGCTCGGCCCTGCTCGCCTCAGCCCGTTCAGCCCAGTTCAGCTCAGCTCAGCTCAGCCCAGCTCAGCCCAGCCCTGGTTAGCTCAGCCCAGCTAAGCTCAGCTCGGCTTGGCTCTGCTGAGCTTGGCCCAGCTTGGCTTAGCCTGATACAACCTGCTCAGCCCAGTTCAGCTCGGCTCAGCCCAGCCCAGCCCAGCGTAGCTCAGCTCAGCTGAGCCCAGCCCAGGTTAGCTCAGCCCCAGTCCAGGTCAGCTCAACTCAGCCCAAACCAGCCTGGCTCGGCCCAGCTCACCCTAGTTCAGCTTAGCTCAGCCCAGCCCAGCCCTGCCCAACCCAGCTCAGCTCAGCCCAGCCCAGGTTAGCCCAGCCCAGCCTCGGCTTAGCTCTGCTCAGCTCGGCCCAGCCCAGGTTAGCCCAGCCCAGCCTCGGCTTAGCTCTGCTCAGCTCGGCCCTGCTCGCCTCAGCCCGTTCAGCCCAGTTCAGCTCAGCTCAGCTCAGCCCAGCTCAGCCCAGCCCTGGTTAGCTCAGCCCAGCTAAGCTCAGCTCGGCTCAGCTCTGCTGAGCTCGGCCCAGCTTGGCTCAGCCCGACACAGCCTGCTCAGCCCAGTTCAGCTCGGCTCAGCCCAGCCCAGCCCAGCGTAGCTCAGCTCAGCTGAGCCCAGCCCAGGTTAGCTCAGCCCCAGCCCAGGT
cluster-32	bp2_int_1893	18	997	391.532	0.17215	6.5416	0.29973	AGCTCAGCTCAACCCGGCTCAGCCCAGGTCTGCTCAACCCAGCCCAAATCAGCTCAGCCCAGCCCAGGTCATCCCAGCTCAGCCCAGCACAGCCTACTTCAGCTCAGCTCAGCTCAGCCTAGGTCAGCTCAGTTGAGGTCAGCTCAACTCAGCCCAATCCAGCCTGGCTCAGCCCAGCTCACCCTAGCTCAGCTTAGCTCAGCCCAACTCAACCCAGCCCAGCCTTGCCCAACCCAGCTCAGCTCAGCCCAGCCCAGGTTAGCCCAGCCCAGCCTCGGCTTAGCTCTGCTCAGCTCGGCCCTGCTCGCCTCAGCCCGTTCAGCCCAGTTCAGCTCAGCTCAGCTCAGCCCAGCTCAGCCCAGCCCTGGTTAGCTCAGCCCAGCTAAGCTCAGCTCGGCTTGGCTCTGCTGAGCTTGGCCCAGCTTGGCTTAGCCTGATACAACCTGCTCAGCCCAGTTCAGCTCGGCTCAGCCCAGCCCAGCCCAGCGTAGCTCAGCTCAGCTGAGCCCAGCCCAGGTTAGCTCAGCCCCAGTCCAGGTCAGCTCAACTCAGCCCAAACCAGCCTGGCTCGGCCCAGCTCACCCTAGTTCAGCTTAGCTCAGCCCAGCCCAGCCCTGCCCAACCCAGCTCAGCTCAGCCCAGCCCAGGTTAGCCCAGCCCAGCCTCGGCTTAGCTCTGCTCAGCTCGGCCCAGCCCAGGTTAGCCCAGCCCAGCCTCGGCTTAGCTCTGCTCAGCTCGGCCCTGCTCGCCTCAGCCCGTTCAGCCCAGTTCAGCTCAGCTCAGCTCAGCCCAGCTCAGCCCAGCCCTGGTTAGCTCAGCCCAGCTAAGCTCAGCTCGGCTCAGCTCTGCTGAGCTCGGCCCAGCTTGGCTCAGCCCGACACAGCCTGCTCAGCCCAGTTCAGCTCGGCTCAGCCCAGCCCAGCCCAGCGTAGCTCAGCTCAGCTGAGCCCAGCCCAGGTTAGCTCAGCCCCAGCCCAGGT
cluster-37	bp2_int_4609	4	984	373.069	0.1872	7.1136	0.29973	AGCTCAGCTCAGCTCAGCCCAGCCCAGCCCAGCCCAGCCCAGTCCAGCCCAGTCCAGCCCAGTTCAGCTCAGCCCAACCCAGCTCAGCTCCGCCCAGCCTAGCTTAGCCTAGCCCAGCTCAACACAGCTCAGTCCATGTCAACCAAACCCAGCTCAGCTCAGCCTAGCTCAGCCCAGCTCAGCCCACCCCAGCTCAGCCTAGCTCAGCCCACCCCAGCTCAGCCCAGCTCAGCCCAGTCTAGCTCAGTTCGGCCCAGCCCAGTCCAGCTCAGCTCAGCCCAGCCCAGCTCAGTCCACCTAAGCTCACCCAGCTCAGCTCAGTCTAGCTCAGCTCAGTCCAGCTCAGCCCAGCCTAGTCCAGCCCAGCCCAGCACAGGTCAGCCCAGCTTAGCTTAGCCCAGGTCAGTCCAGCTCAGCTCAGTCCACTTAAGCTCACCCAGGTCAGCTCCGTCCAGCTCAGCCCAGCCTAGCCCAGCTTAGCCCAGCCCAGCCCAACACAGGTCAGCCCAGCTCAGCCTAGCCCAGCCCAGCTCAGCACAGGTCAGACCAGCTCAGTACAGCTCAGGTCAGCCCAGACCAGTCCAACCCAGCCCAGCGCAGTCCAACCCAGCCCAGCTCAGCTCATCCAAGCCTAGCTCAGCTCAGCCCAGCCCAGGTCAGCCTAGCCCAGCCGAACCCAGCTCAGCCCAGGTCAACCCAATTCAGCTCAGCTCAGCCCAGGTCAACCCAACCAAGCTCAGCTCAGCCTAGCCCAGTCCAGCTCAGCCCAGCTCAGCTCAGCCCAGTCCAGCTCAATCCACCTAAGCTCACCCAGCTCAGCCCAGTCTGGCTCAGCTTAGGTCAGCCCAGCCCAGCCTAGCCCAGATCAGTCCAGCTTAGCCCAGCCCAGGTCAGCCCAGCCCAGGTCAGCCCAGCTCAGCTCAGCCCAGCCCAGCTCAGCCCAGCCCAGCCCAGCCCAGCTCAGCGCAGCCCAGCCTAGCT
cluster-6	bp2_ext_212	4	990	382.157	0.19875	7.5526	0.29973	AGCTCAGTCCAGCTCAGCCCAGCCTAGTCCAGCCCAGCCCAGCACAGGTCAGCCCAGCTTAGCTTAGCCCAGGTCAGTCCAGCTCAGCTCAGTCCACTTAAGCTCACCCAGGTCAGCTCCGTCCAGCTCAGCCCAGCCTAGCCCAGCTTAGCCCAGCCCAGCCCAACACAGGTCAGCCCAGCTCAGCCTAGCCCAGCCCAGCTCAGCACAGGTCAGACCAGCTCAGTACAGCTCAGGTCAGCCCAGACCAGTCCAACCCAGCCCAGCGCAGTCCAACCCAGCCCAGCTCAGCTCATCCAAGCCTAGCTCAGCTCAGCCCAGCCCAGGTCAGCCTAGCCCAGCCGAACCCAGCTCAGCCCAGGTCAACCCAATTCAGCTCAGCTCAGCCCAGGTCAACCCAACCAAGCTCAGCTCAGCCTAGCCCAGTCCAGCTCAGCCCAGCTCAGCTCAGCCCAGTCCAGCTCAATCCACCTAAGCTCACCCAGCTCAGCCCAGTCTGGCTCAGCTTAGGTCAGCCCAGCCCAGCCTAGCCCAGATCAGTCCAGCTTAGCCCAGCCCAGGTCAGCCCAGCCCAGGTCAGCCCAGCTCAGCTCAGCCCAGCCCAGCTCAGCCCAGCCCAGCCCAGCCCAGCTCAGCGCAGCCCAGCCTAGCTCACCCCAGCCAGGTCCAGCTTAGCCCAGCTCAGCCCAGCCCAACTCAGCTCAGCCCAGCTCAGCCCAACTCAGCTCAGCCCAGCTCAGCCCAACTCAGCCCAGCCCAGTTCAGCCCAACCCAGCCCAGCCCAGTCCAGCTTAGCCCAGCTCAGCCCAGCCCAGCCCAGCCCAGTCTAGCTCAGCCCAACCCAGCCCAGCCCAGCTCACCCCAGCCCAGCTCAGCTCAGCTCAGCTCAACCCAGGGCAGCCCAGCTCGTCCAAGCCCAGCCCAGCCCAGCCCAGCCTAGCCCAGCCCAGCTCAGGCCAGCCCAGCTCAGCTCAGCTCAGCTCAGCT
cluster-34	bp2_int_3635	3	565	275.217	0.19897	7.5607	0.29973	GGCTCAGCCCAGCCCAGCCCAGCCTAGCTCAGCTCAGCCCCGCTCAGCCCAGCCTAGCTCAGCTCAGCCCCGCTCAGCCCCGCTCAGCCCAGCCCAGCCCAGCCTAGCTCAGCCCAGCTCAGCCCAGCCTAGCCCAGCTCAGCCCAGCCCAGCTCAGCGCAGCCCAGCCCAGCTCAGCGCAGCCCAGCTCAGCTCAGCTCAGCCTAGCCTTGCTCGGCCCAGCTCAGCTCAGCCCAGCTCAGCCTAGCCTTGCTCAGCCCAGCTCAGCCCAGCTCAGCCCAGCTCAGCCCAGCCCAGCCTAGCTCAGCTCAGCCCCGCTCAGACCCGCTCAGCCCAGCCCAGCCCAGCCCAGCTCAGCCCAGCCCAGCTCAGCTCAGCCCAGCCCTGCCCAGCTCAGCCCAGCTTAGTGCAGCCAAGCCCAGCTCAGCTCAGCTCACCTGGTGCAACTTAGCCCAGCTCAGCTCAGCTCAGCTCAACCCAGTTCAACTCAGCCCAGTTCAGCTCAGCTCAGCCCAGTTCAGCCTTGTTTAGTCTAGGTCAGCTTAGGTCAGTTTTGCCCATCT
cluster-8	bp2_ext_1058	3	550	267.572	0.20077	7.6291	0.29973	AGCCCAGCCTAGCTCAGCTCAGCCCCGCTCAGCCCAGCCTAGCTCAGCTCAGCCCCGCTCAGCCCCGCTCAGCCCAGCCCAGCCCAGCCTAGCTCAGCCCAGCTCAGCCCAGCCTAGCCCAGCTCAGCCCAGCCCAGCTCAGCGCAGCCCAGCCCAGCTCAGCGCAGCCCAGCTCAGCTCAGCTCAGCCTAGCCTTGCTCGGCCCAGCTCAGCTCAGCCCAGCTCAGCCTAGCCTTGCTCAGCCCAGCTCAGCCCAGCTCAGCCCAGCTCAGCCCAGCCCAGCCTAGCTCAGCTCAGCCCCGCTCAGACCCGCTCAGCCCAGCCCAGCCCAGCCCAGCTCAGCCCAGCCCAGCTCAGCTCAGCCCAGCCCTGCCCAGCTCAGCCCAGCTTAGTGCAGCCAAGCCCAGCTCAGCTCAGCTCACCTGGTGCAACTTAGCCCAGCTCAGCTCAGCTCAGCTCAACCCAGTTCAACTCAGCCCAGTTCAGCTCAGCTCAGCCCAGTTCAGCCTTGTTTAGTCTAGGTCAGCTTAGGTCAGTTTTGCCCATCT
cluster-35	bp2_int_3748	3	490	234.829	0.20508	7.7929	0.29973	AGCCCCGCTCAGCCCAGCCCAGCCCAGCCTAGCTCAGCCCAGCTCAGCCCAGCCTAGCCCAGCTCAGCCCAGCCCAGCTCAGCGCAGCCCAGCCCAGCTCAGCGCAGCCCAGCTCAGCTCAGCTCAGCCTAGCCTTGCTCGGCCCAGCTCAGCTCAGCCCAGCTCAGCCTAGCCTTGCTCAGCCCAGCTCAGCCCAGCTCAGCCCAGCTCAGCCCAGCCCAGCCTAGCTCAGCTCAGCCCCGCTCAGACCCGCTCAGCCCAGCCCAGCCCAGCCCAGCTCAGCCCAGCCCAGCTCAGCTCAGCCCAGCCCTGCCCAGCTCAGCCCAGCTTAGTGCAGCCAAGCCCAGCTCAGCTCAGCTCACCTGGTGCAACTTAGCCCAGCTCAGCTCAGCTCAGCTCAACCCAGTTCAACTCAGCCCAGTTCAGCTCAGCTCAGCCCAGTTCAGCCTTGTTTAGTCTAGGTCAGCTTAGGTCAGTTTTGCCCATCT
cluster-13	bp2_ext_4609	1	994	368.324	0.3097	11.769	0.43588	AGCTTAGCCCAGCTCAGCCCAGCCCAACTCAGCTCAGCCCAGCTCAGCCCAACTCAGCTCAGCCCAGCTCAGCCCAACTCAGCCCAGCCCAGTTCAGCCCAACCCAGCCCAGCCCAGTCCAGCTTAGCCCAGCTCAGCCCAGCCCAGCCCAGCCCAGTCTAGCTCAGCCCAACCCAGCCCAGCCCAGCTCACCCCAGCCCAGCTCAGCTCAGCTCAGCTCAACCCAGGGCAGCCCAGCTCGTCCAAGCCCAGCCCAGCCCAGCCCAGCCTAGCCCAGCCCAGCTCAGGCCAGCCCAGCTCAGCTCAGCTCAGCTCAGCTCAACCCAGGCCAGCCCAGCTCGTCCCAGCCCAGCCCAGCCCAGCCCGTCCCAGCCCAGCCCAGCCCAGCCCAGCCCAGCCCATCCCATCCCGGCCCAGCCCGGCCCAGCCCAACCCGGCCCAGCCCAGCCCAGCCTAGCTCACCCCAGCCTGGTCTAGCTCAACCCAGCTCAGCTCAGCCCACCCTAGCTCAGCTCAGCCCAGCCCAGCTCATCCCAGCCCAGCCCAGCCCAGCTCGTCCCAGCCCAGCCCAGCCCAGCTTGTCCCAGCCCAGCCCAGCACAGCTCAGCCCAGCCCAGCCCAGCCCAGCACAGCTCAGCCCAGCCCAGCCCAGCCCAGCCCAGCCTGGCCTAGCTCACCCGAGCCTGGTCTAGCTCAGCCCAGCTCAGCTCAGCCCAGCTCAGACCCGCTCAGCCCGGCCCGGCCCGGCTCGGCCCGGCCCAGTCCGGCCCGGCCCGGCCCAATCCGGCCCGGCCCAGCTCAGCCCGGCCCAGTCCAGCTCAGCCCAGCTCAGCTCAGCCCAGTCTAGCTCAGCCCAACCCAGCCCAGCCCAGCCCAGCCCAGCCCAGCCCAGCCCAGCTCATCCCAGCCCAGCCCAGCTCAGCTCAGCTCAGCCCAGCCCAGCTCAGCCCAGCTCAGCCCAGCCCAGCCCAGCTCATCCCAGCCCAGTCCAGCT
cluster-3	bp1_ext_1317	528	1000	188.56	0.46174	17.546	0.62664	AGCTCAGCAAAGCCAAGCTCAGCTCAGCCCAACTCAGATGAGCTCAGACCAGCTCAGCCCAGCCTAGCTGAGCTCAGACCACCTAAGACCATCTCAGCTCAGCCCAGCCCAGCTAAGCCCAGTATAGCCCAGCCCAGCTAAGCCCAGTTTAGCCCAGCCCAGCTAAGCCCAGTATAGCCCAGCCCAGCTAAGCCCAGTTTAGCCCAGCCCAGCTAAGCCCAGTATAGCCCAGCCCAGCTAAGCATAGTTCAGCACAGCCCAGCTCAGCTCAGCACAGTTCAACCCAGCTCAGCCCAGCTCAGTGCAGCACAGCCCAGCTCAGCCCAGCCCAGCTCAGCTCAGCCCAACCCAGCCCAGCTCGCTCAACCTTGCTCGGCTCAGCTTAGCCCAGCCCAGCCCAGCTCAATCCAGCCTGGCTCAGCCCAGCCCAGCCCAGTTTGGCTCAACCCAGCTTGGCTCAGCCCAGGTCAGCC
cluster-4	bp1_ext_3284	38	993	163.055	0.48117	18.284	0.6305	TGCTCAGCCCAGCCCAGCTGAACCCAGTTTAGCCGAGGCCAGGCCAGCCCAGCTGAATACAGTTGCCCAGTCTAGCTCAGCCCAGTCCAGCACTGCCCAGTTTAGCTGAGCTCAGCCTGGCCCAGCCCAGCTCATATCAGCCCATCTCAGCTGAACCAGTTTGACCCAGTCTAACCCAACCCCGCTCAGCTGAACCCAGCCCAGCCCAGCCCAGCCCAGCCAAACCCAGTTTAGCCTAGCTCAGCTCAGCCCATTTCCACCCAACCCAGCTCAGCCCAGCTTACCCAGTCCAGCCCAGCAGCCCAGTTCAGCCCACTCAGGCTAGCCCAGTTTAGCCCAGCCCAGCTAGGTTCAGCTCTGCTCAGTTCAGCCCAGCGTAGATCAGCTTATCCCAGCAGAACTCAGTTTAAATCACCCCAACCCAATTCGGTTCAATAATCCAAGCCCAGCTCAGTCCAGCTTCTTATAACCCTGTCCATCTCAGGTCACTCACCCAGCCTAGTCCTCCCCAGCTCAACCCAGTTTAGCCCAAACCAGCTTAGTCAGCCCAACTAGCTAAGCTTGGCTCAGGTCTGTCCAGCTCAGCCCAGGTCTTCCAATCACAGCTCAGGCCCGGCCAGGCCAGCTCAGCCCAGCTCCATCCACCTCAGTCCAGTTGGCCCAGCCCAGCCAAACCCAGTTTAGGCCAGGCCAGGCCAGCCCAGCCCATGTGAACTCAGTTGAGCTCAGCCCAGGTCAGCCCAGTTCAGTTAACCTCAACCTGACCCAGCCCAGCCCATATTAGCATATCTCAGCTGAACCCAGTTTAGCCCAACCCAGCCCAACCTAGGCCAGCTGAACCCAGGTTAGGTTAGGTTAGCTTAGCCTAGAGCAGCCCAGCCCAACCCAGCCCAACCCAGCCCAGCCTGCCCCAGTCTAACCTAGCTCAGCCCAGCCCAGCCCAGCTGAACCCAGTT
cluster-20	bp1_int_4534	22	989	146.796	0.49846	18.942	0.63139	AGCTTCATCCAGATGAATACAGTCCAGATCAGCTTAGTCAGTTAAGCCTAGCCTAGCTAGTTAAATCCAGTTACGACCAGCTCAACTAATCCTGCTCAGGCCTGCTCAGCCCAGCCCAGCTGAACCCAGTTTAGCCGAGGCCAGGCCAGCCCAGCTGAATACAGTTGCCCAGTCTAGCTCAGCCCAGTCCAGCACTGCCCAGTTTAGCTGAGCTCAGCCTGGCCCAGCCCAGCTCATATCAGCCCATCTCAGCTGAACCAGTTTGACCCAGTCTAACCCAACCCCGCTCAGCTGAACCCAGCCCAGCCCAGCCCAGCCCAGCCAAACCCAGTTTAGCCTAGCTCAGCTCAGCCCATTTCCACCCAACCCAGCTCAGCCCAGCTTACCCAGTCCAGCCCAGCAGCCCAGTTCAGCCCACTCAGGCTAGCCCAGTTTAGCCCAGCCCAGCTAGGTTCAGCTCTGCTCAGTTCAGCCCAGCGTAGATCAGCTTATCCCAGCAGAACTCAGTTTAAATCACCCCAACCCAATTCGGTTCAATAATCCAAGCCCAGCTCAGTCCAGCTTCTTATAACCCTGTCCATCTCAGGTCACTCACCCAGCCTAGTCCTCCCCAGCTCAACCCAGTTTAGCCCAAACCAGCTTAGTCAGCCCAACTAGCTAAGCTTGGCTCAGGTCTGTCCAGCTCAGCCCAGGTCTTCCAATCACAGCTCAGGCCCGGCCAGGCCAGCTCAGCCCAGCTCCATCCACCTCAGTCCAGTTGGCCCAGCCCAGCCAAACCCAGTTTAGGCCAGGCCAGGCCAGCCCAGCCCATGTGAACTCAGTTGAGCTCAGCCCAGGTCAGCCCAGTTCAGTTAACCTCAACCTGACCCAGCCCAGCCCATATTAGCATATCTCAGCTGAACCCAGTTTAGCCCAACCCAGCCCAACCTAGGCCAGCTGAACCCAGGTTAGGTTAGGTTAGCTTAGCC
cluster-14	bp2_ext_5498	65	986	134.414	0.54937	20.876	0.64247	AGTTTAGCTCAGCAAAGCTGGACCTAAAGTAGCCACCTCACCCCAGCTTCATCCAGATGAATACAGTCCAGATCAGCTTAGTCAGTTAAGCCTAGCCTAGCTAGTTAAATCCAGTTACGACCAGCTCAACTAATCCTGCTCAGGCCTGCTCAGCCCAGCCCAGCTGAACCCAGTTTAGCCGAGGCCAGGCCAGCCCAGCTGAATACAGTTGCCCAGTCTAGCTCAGCCCAGTCCAGCACTGCCCAGTTTAGCTGAGCTCAGCCTGGCCCAGCCCAGCTCATATCAGCCCATCTCAGCTGAACCAGTTTGACCCAGTCTAACCCAACCCCGCTCAGCTGAACCCAGCCCAGCCCAGCCCAGCCCAGCCAAACCCAGTTTAGCCTAGCTCAGCTCAGCCCATTTCCACCCAACCCAGCTCAGCCCAGCTTACCCAGTCCAGCCCAGCAGCCCAGTTCAGCCCACTCAGGCTAGCCCAGTTTAGCCCAGCCCAGCTAGGTTCAGCTCTGCTCAGTTCAGCCCAGCGTAGATCAGCTTATCCCAGCAGAACTCAGTTTAAATCACCCCAACCCAATTCGGTTCAATAATCCAAGCCCAGCTCAGTCCAGCTTCTTATAACCCTGTCCATCTCAGGTCACTCACCCAGCCTAGTCCTCCCCAGCTCAACCCAGTTTAGCCCAAACCAGCTTAGTCAGCCCAACTAGCTAAGCTTGGCTCAGGTCTGTCCAGCTCAGCCCAGGTCTTCCAATCACAGCTCAGGCCCGGCCAGGCCAGCTCAGCCCAGCTCCATCCACCTCAGTCCAGTTGGCCCAGCCCAGCCAAACCCAGTTTAGGCCAGGCCAGGCCAGCCCAGCCCATGTGAACTCAGTTGAGCTCAGCCCAGGTCAGCCCAGTTCAGTTAACCTCAACCTGACCCAGCCCAGCC
cluster-15	bp1_int_212	424	991	174.434	0.55793	21.202	0.64247	AGCCCAGCCCAGGCCAGTCCAGCTCAGTCCAGCCCAGCCCAGCTCAGCCCAGGCCAGTCCAGCTCAGTCCCGCCCAGTCCAGCCCAAGTCATCCTAGCCCATCCCATCCCAGCCCAGGTCAGCCCAGCTTAGTCCAGCTCAGCCCAGGTCAACCCAGCCCAGGCCAGCTCAGTACAGCTCAGCCCAGCCCAGGCCAGCTTAGTACAGCTCAGCCCAGCCCAGCTCAGCCTGGCCCAGGCCAGCTCAGTACAGCTCAGCTCAGCTCAGCCCAGCCCAGCCCAGCCCAGCCCAGTCCAGCCCAGTCCAGCCCAGTTCAGCTCAGCCCAACCCAGCTCAGCTCCGCCCAGCCTAGCTTAGCCTAGCCCAGCTCAACACAGCTCAGTCCATGTCAACCAAACCCAGCTCAGCTCAGCCTAGCTCAGCCCAGCTCAGCCCACCCCAGCTCAGCCTAGCTCAGCCCACCCCAGCTCAGCCCAGCTCAGCCCAGTCTAGCTCAGTTCGGCCCAGCCCAGTCCAGCTCAGCTCAGCCCAGCCCAGCTCAGTCCACCTAAGCTCACCCAGCTCAGCT
cluster-21	bp2_int_212	425	992	174.434	0.55793	21.202	0.64247	AGCCCAGCCCAGGCCAGTCCAGCTCAGTCCAGCCCAGCCCAGCTCAGCCCAGGCCAGTCCAGCTCAGTCCCGCCCAGTCCAGCCCAAGTCATCCTAGCCCATCCCATCCCAGCCCAGGTCAGCCCAGCTTAGTCCAGCTCAGCCCAGGTCAACCCAGCCCAGGCCAGCTCAGTACAGCTCAGCCCAGCCCAGGCCAGCTTAGTACAGCTCAGCCCAGCCCAGCTCAGCCTGGCCCAGGCCAGCTCAGTACAGCTCAGCTCAGCTCAGCCCAGCCCAGCCCAGCCCAGCCCAGTCCAGCCCAGTCCAGCCCAGTTCAGCTCAGCCCAACCCAGCTCAGCTCCGCCCAGCCTAGCTTAGCCTAGCCCAGCTCAACACAGCTCAGTCCATGTCAACCAAACCCAGCTCAGCTCAGCCTAGCTCAGCCCAGCTCAGCCCACCCCAGCTCAGCCTAGCTCAGCCCACCCCAGCTCAGCCCAGCTCAGCCCAGTCTAGCTCAGTTCGGCCCAGCCCAGTCCAGCTCAGCTCAGCCCAGCCCAGCTCAGTCCACCTAAGCTCACCCAGCTCAGCT
cluster-22	bp2_int_393	13	250	104.031	0.6179	23.48	0.6906	CGCTCAGCCCAGCCCAGCCCAGCCCAGCTCAGCCCAGCCCAGCTCAGCTCAGCCCAGCCCTGCCCAGCTCAGCCCAGCTTAGTGCAGCCAAGCCCAGCTCAGCTCAGCTCACCTGGTGCAACTTAGCCCAGCTCAGCTCAGCTCAGCTCAACCCAGTTCAACTCAGCCCAGTTCAGCTCAGCTCAGCCCAGTTCAGCCTTGTTTAGTCTAGGTCAGCTTAGGTCAGTTTTGCCCATCT
cluster-11	bp2_ext_4157	284	836	111.338	0.68402	25.993	0.72202	AGTTTAGCTCAGCAAAGCTGGACCTAAAGTAGCCACCTCACCCCAGCTTCATCCAGATGAATACAGTCCAGATCAGCTTAGTCAGTTAAGCCTAGCCTAGCTAGTTAAATCCAGTTACGACCAGCTCAACTAATCCTGCTCAGGCCTGCTCAGCCCAGCCCAGCTGAACCCAGTTTAGCCGAGGCCAGGCCAGCCCAGCTGAATACAGTTGCCCAGTCTAGCTCAGCCCAGTCCAGCACTGCCCAGTTTAGCTGAGCTCAGCCTGGCCCAGCCCAGCTCATATCAGCCCATCTCAGCTGAACCAGTTTGACCCAGTCTAACCCAACCCCGCTCAGCTGAACCCAGCCCAGCCCAGCCCAGCCCAGCCAAACCCAGTTTAGCCTAGCTCAGCTCAGCCCATTTCCACCCAACCCAGCTCAGCCCAGCTTACCCAGTCCAGCCCAGCAGCCCAGTTCAGCCCACTCAGGCTAGCCCAGTTTAGCCCAGCCCAGCTAGGTTCAGCTCTGCTCAGTTCAGCCCAGCGTAGATCAGCTTATCCCAGCAGAACTCAGTT
cluster-36	bp2_int_4373	301	853	111.338	0.68402	25.993	0.72202	AGTTTAGCTCAGCAAAGCTGGACCTAAAGTAGCCACCTCACCCCAGCTTCATCCAGATGAATACAGTCCAGATCAGCTTAGTCAGTTAAGCCTAGCCTAGCTAGTTAAATCCAGTTACGACCAGCTCAACTAATCCTGCTCAGGCCTGCTCAGCCCAGCCCAGCTGAACCCAGTTTAGCCGAGGCCAGGCCAGCCCAGCTGAATACAGTTGCCCAGTCTAGCTCAGCCCAGTCCAGCACTGCCCAGTTTAGCTGAGCTCAGCCTGGCCCAGCCCAGCTCATATCAGCCCATCTCAGCTGAACCAGTTTGACCCAGTCTAACCCAACCCCGCTCAGCTGAACCCAGCCCAGCCCAGCCCAGCCCAGCCAAACCCAGTTTAGCCTAGCTCAGCTCAGCCCATTTCCACCCAACCCAGCTCAGCCCAGCTTACCCAGTCCAGCCCAGCAGCCCAGTTCAGCCCACTCAGGCTAGCCCAGTTTAGCCCAGCCCAGCTAGGTTCAGCTCTGCTCAGTTCAGCCCAGCGTAGATCAGCTTATCCCAGCAGAACTCAGTT
cluster-19	bp1_int_3689	578	996	115.866	0.77899	29.602	0.80004	AGCTGGGCTCAGGGCTCTGCAGGTGGAGTCACACTCAACCCACGGCCTCCTTCCCACATTAGCAGCCACCTCAGCTCATCCAGCCCAGCCCAGCCCAGGCCAGTCCAGCTCAGTCCAGCTCAGTCCAGCCCAGCCCAGCTCAGCCCAGCTCAGCCCAGCCCACCCCAGGGCAGCTCAGTACAGCTCATCCCAGCCCAGCCCAGCCCAGCTCAGCTCAGCTCAGCCCAGCCCAGCCCAGCTCAGTCCACCTAAGCTCACCCAGCTCAGCCCAGTCTAGCTCAGCTCAGTCCAGCTCAGCCCAGTCTAGCCCAGCCCAGTACAGGTCAGCCCAGCTCAGCTTAGCCCAGGTCAGTCCAGCTCAGTACAGCTCAGCTCAGCCCAGCCCAGTCCAACCCAGCCCAGCCCAGTCCAACCCAGCC
cluster-12	bp2_ext_4373	5	714	81.0715	0.94971	36.089	0.94971	AGCTTGGCTCAGGTCTGTCCAGCTCAGCCCAGGTCTTCCAATCACAGCTCAGGCCCGGCCAGGCCAGCTCAGCCCAGCTCCATCCACCTCAGTCCAGTTGGCCCAGCCCAGCCAAACCCAGTTTAGGCCAGGCCAGGCCAGCCCAGCCCATGTGAACTCAGTTGAGCTCAGCCCAGGTCAGCCCAGTTCAGTTAACCTCAACCTGACCCAGCCCAGCCCATATTAGCATATCTCAGCTGAACCCAGTTTAGCCCAACCCAGCCCAACCTAGGCCAGCTGAACCCAGGTTAGGTTAGGTTAGCTTAGCCTAGAGCAGCCCAGCCCAACCCAGCCCAACCCAGCCCAGCCTGCCCCAGTCTAACCTAGCTCAGCCCAGCCCAGCCCAGCTGAACCCAGTTGAGACCAACCCAGCTGAGTCCACTCAGGCGAGCCTAGTTTAGCCCAGTTCACGTGGGCACAGTTCAGCCCAGCCCAGCTCATCCCAGCTAAATTCAGATCACCCCAGCCCAATTTAGTTCAATAATTTAAGGCCTGCTCACTCCAGCTTTTAACCCTGTCCGTCGTCAGGTCTCTCCCCCAGCCTAGCCCTCCTCAGCTCAATCCCATTTAGCTCAGCCCAGCTTACTCAGCCCAACCAGCTAAGCTTGGCTCAGGTCTGTCCAGCTCAGCGCAGCCCTGCTGAACTCAGGCCAGGTCAGGTAAGCTCAGCA

# MCAST (Motif Cluster Alignment and Search Tool): Version 5.1.1 compiled on Jul 10 2020 at 10:59:08
# The format of this file is described at http://meme-suite.org//doc/mcast-output-format.html.
# mcast --oc . --verbosity 1 --output-ethresh 10000 --max-gap 100 --max-total-width 1000 --motif-pthresh 0.1 -o pcawgALL MEME_motifs_AGCT_TGCA.txt MEME_pcawgALL_updown_split_1000bp_July2020.fasta
